Household_ID,Month,Units_Consumed,Appliance,City
H001,Jan,120,Fan,Chennai
H002,Jan,250,AC,Bangalore
H003,Jan,180,Refrigerator,Hyderabad
H004,Jan,300,AC,Delhi
H005,Jan,90,Light,Mumbai
H006,Feb,140,Fan,Chennai
H007,Feb,270,AC,Bangalore
H008,Feb,200,Refrigerator,Hyderabad
H009,Feb,320,AC,Delhi
H010,Feb,110,Light,Mumbai
H011,Mar,160,Fan,Chennai
H012,Mar,290,AC,Bangalore
H013,Mar,210,Refrigerator,Hyderabad
H014,Mar,340,AC,Delhi
H015,Mar,130,Light,Mumbai
H016,Apr,180,Fan,Chennai
H017,Apr,310,AC,Bangalore
H018,Apr,230,Refrigerator,Hyderabad
H019,Apr,360,AC,Delhi
H020,Apr,150,Light,Mumbai
H021,May,200,Fan,Chennai
H022,May,330,AC,Bangalore
H023,May,250,Refrigerator,Hyderabad
H024,May,380,AC,Delhi
H025,May,170,Light,Mumbai
H026,Jun,220,Fan,Chennai
H027,Jun,350,AC,Bangalore
H028,Jun,270,Refrigerator,Hyderabad
H029,Jun,400,AC,Delhi
H030,Jun,190,Light,Mumbai